{
  "overall_accuracy": 0.9192708333333334,
  "precision": 0.8148148148148148,
  "recall": 0.676923076923077,
  "f1_score": 0.7394957983193278,
  "roc_auc": 0.876585483482035,
  "pr_auc": 0.7941390200842091,
  "confusion_matrix": [
    [
      309,
      10
    ],
    [
      21,
      44
    ]
  ],
  "dataset_size": 384,
  "mining_samples": 65,
  "non_mining_samples": 319,
  "misclassifications": 31
}